<?xml version="1.0" encoding="UTF-8"?>
<letter>
    <Heading>Letter 3</Heading>

    <context>The following letter was written shortly after <name type="person">Wilde's</name>
        release from <place>prison</place>:</context>

    <Body><place type="city">Rouen</place>, <date>August 1897</date>
        <intro>My own Darling Boy, </intro><sentence>I got your <com>telegram</com>
            <time>half an hour ago</time>, and just send a line to say that I feel that my only hope
            of again doing beautiful work in art is being with <darling>you</darling>.</sentence>
        <sentence>It was not so in the old days, but now it is different, and <darling>you</darling>
            can really recreate in me that energy and sense of joyous power on which art
            depends.</sentence>
        <sentence>Everyone is furious with me for going back to <darling>you</darling>, but
                <together>they don't understand us.</together></sentence>
        <sentence>I feel that it is only with <darling>you</darling> that I can do anything at
            all.</sentence>
        <sentence>Do remake my ruined life for me, and <together>then our friendship and love will
                have a different meaning to the world.</together></sentence>
        <sentence>I wish that when we met at <place type="city">Rouen</place> we had not parted at
            all. <together>There are such wide abysses now of space and land between us</together>.
                <together>But we love each other.</together></sentence>
        <closing>Goodnight, dear. Ever yours, Oscar</closing></Body>
</letter>
