<?xml version="1.0" encoding="UTF-8"?>
<letter>
    <Heading>Letter 2</Heading>

    <context>The following letter was read by defense attorney <name type="person">Edward
            Carson</name> during his cross-examination of <name type="person">Oscar Wilde</name> in
        his libel trial. <name type="person">Carson</name> had asked <name type="person"
            >Wilde</name> to read the letter, but he declined.</context>

    <body><date>March 1893</date>, <location>Savoy Hotel</location>
        <intro>Dearest of All Boys,</intro>
        <sentence>Your letter was delightful, <wine><color>red</color> and <color>yellow</color>
                wine</wine> to me; but I am sad and out of sorts.</sentence>
        <sentence>Bosie, you must not make scenes with me.</sentence>
        <sentence>They kill me, they wreck the loveliness of life.</sentence>
        <sentence><unable type="sight">I cannot see you</unable>, so <characteristic>Greek and
                gracious</characteristic>, distorted with passion.</sentence>
        <sentence><unable type="hearing">I cannot listen to your curved lips</unable> saying hideous
            things to me. </sentence>
        <sentence>I would sooner be blackmailed by every renter <def>"renter" was a slang term for
                male prostitutes</def> in <place type="town">London</place> than to have you bitter,
            unjust, hating.</sentence>
        <sentence>You are <characteristic>the divine thing I want, the thing of grace and
                beauty</characteristic>; but I don't know how to do it.</sentence>
        <sentence type="question">Shall I come to <place type="town">Salisbury</place>?</sentence>
        <sentence>My bill here is <money quant="49" unit="pound">49 pounds</money>
            <timeLength>for a week</timeLength>.</sentence>
        <sentence>I have also got a new sitting-room over the <river>Thames</river>. </sentence>
        <sentence type="question">Why are you not here, my dear, my wonderful boy?</sentence>
        <sentence>I fear I must leave; no money, no credit, and a heart of lead.</sentence>
        <closing>Your own,<name type="person">Oscar</name></closing></body>
</letter>
